{
    "model": "LSTM",
    "data_version": "full",
    "early_stopping": "no",
    "sequence_length": 50,
    "batch_size": 64,
    "epochs": 300,
    "best_epoch": 4,
    "learning_rate": 0.001,
    "warmup_epochs": 0,
    "training_time": 299.5075042247772,
    "n_parameters": 349825,
    "train_rmse": 76.72496156116665,
    "val_rmse": 20.391936021072155,
    "test_rmse": 26.518418155403683,
    "train_mae": 60.97270965576172,
    "val_mae": 14.875389099121094,
    "test_mae": 17.42487335205078,
    "train_r2": -0.7320194244384766,
    "val_r2": 0.8535690307617188,
    "test_r2": 0.5927737951278687
}