epoch,train_loss,train_rmse,val_rmse,test_rmse,learning_rate
1,5594.2257453309485,74.79455675541229,53.40466663201518,42.81739181801741,0.0009999726120980734
2,3570.8351815737233,59.7564656745219,53.6146595945275,43.45662895996465,0.0009998904513956854
3,2406.0357262269104,49.051358084148106,26.707215949214085,21.751629904792477,0.0009997535269026829
4,1237.6514934536476,35.18027131036677,20.676281255092317,23.097222940018952,0.0009995618536343797
5,959.6569117445064,30.978329701505906,20.68809037610127,28.675650967838298,0.0009993154526099096
6,862.1425284509482,29.362263673521344,22.942886966833317,27.39444687607079,0.0009990143508499217
7,849.2702635463379,29.142241952464413,23.32807332154177,32.07418732699005,0.0009986585813736167
8,756.2263839283507,27.499570662890772,26.90608767868643,32.34451909826567,0.0009982481831951274
9,707.9267166146145,26.60689229648689,22.17287447655757,31.381269265597048,0.0009977832013192385
10,665.335212554823,25.794092516962113,26.479844113006443,38.81760637481318,0.0009972636867364526
11,599.9579603305186,24.49403930211979,24.41993734270013,32.08654380302039,0.0009966896964173982
12,561.3299710780946,23.692403224769212,29.43593269911568,39.51913726028494,0.000996061293306582
13,542.1990238609462,23.28516747155504,26.139281110515377,38.16998054992033,0.0009953785463154864
14,499.4702272260503,22.348830558734875,25.11605926897787,35.42740661855235,0.0009946415303150131
15,478.40970213897396,21.872578820318882,25.78669949108739,33.46020560058575,0.0009938503261272718
16,434.1270702534976,20.835716184218953,26.929156131479047,31.28900748490164,0.0009930050205167178
17,406.31076012384983,20.157151628319387,28.939521086854192,37.35779552436776,0.0009921057061806368
18,389.75283164305074,19.74215873846675,29.48491811241329,40.65333023395845,0.0009911524817389807
19,379.694500188267,19.485751200709963,27.663769401872035,36.631243644805195,0.0009901454517235507
20,348.0878170807993,18.65711167711405,30.784477157087494,40.710633802604704,0.0009890847265665364
21,338.99502556475454,18.41181750501274,31.265050932357575,45.65191495728772,0.0009879704225884047
22,327.8803483546417,18.107466613590827,27.02249186730968,33.9488807355697,0.000986802661985144
23,316.87422062243365,17.800961208670127,28.20931092622966,36.78418854738313,0.0009855815728148636
24,321.005081844277,17.916614708631922,30.060392956109432,40.39884048933138,0.0009843072889837517
