{
    "model": "Transformer",
    "data_version": "full",
    "early_stopping": "no",
    "sequence_length": 50,
    "batch_size": 64,
    "epochs": 300,
    "best_epoch": 7,
    "learning_rate": 0.0005,
    "warmup_epochs": 20,
    "training_time": 768.8416433334351,
    "n_parameters": 803713,
    "train_rmse": 75.4642014674839,
    "val_rmse": 20.39656133654565,
    "test_rmse": 22.269162959044607,
    "train_mae": 60.15256881713867,
    "val_mae": 13.994490623474121,
    "test_mae": 15.534232139587402,
    "train_r2": -0.675565242767334,
    "val_r2": 0.8535025715827942,
    "test_r2": 0.7128239274024963
}