{
    "model": "Transformer",
    "data_version": "full",
    "early_stopping": "yes",
    "sequence_length": 50,
    "batch_size": 64,
    "epochs": 300,
    "best_epoch": 7,
    "learning_rate": 0.0005,
    "warmup_epochs": 20,
    "training_time": 68.87695717811584,
    "n_parameters": 803713,
    "train_rmse": 74.72041638668779,
    "val_rmse": 20.39656133654565,
    "test_rmse": 22.269162959044607,
    "train_mae": 59.11099624633789,
    "val_mae": 13.994490623474121,
    "test_mae": 15.534232139587402,
    "train_r2": -0.6426988840103149,
    "val_r2": 0.8535025715827942,
    "test_r2": 0.7128239274024963
}