{
  "飞行高度": {
    "mean": -8.87014686636615e-06,
    "std": 0.002187313449015146
  },
  "马赫数": {
    "mean": 2.3508312733265476e-06,
    "std": 0.00029306212456614496
  },
  "T24": {
    "mean": 642.6809335466046,
    "std": 0.5000532700606232
  },
  "T30": {
    "mean": 1590.5231186079204,
    "std": 6.131149519690819
  },
  "T50": {
    "mean": 1408.9337816877514,
    "std": 9.000604780543714
  },
  "P15": {
    "mean": 21.60980320876352,
    "std": 0.0013889849127073112
  },
  "P30": {
    "mean": 553.367711211284,
    "std": 0.8850922576634073
  },
  "NF": {
    "mean": 2388.0966516407348,
    "std": 0.07098547889092417
  },
  "NC": {
    "mean": 9065.242940720276,
    "std": 22.082879525066232
  },
  "PS30": {
    "mean": 47.54116814502448,
    "std": 0.2670873986396848
  },
  "PHI": {
    "mean": 521.4134700208425,
    "std": 0.7375533922097114
  },
  "NRF": {
    "mean": 2388.0961523920314,
    "std": 0.07191891569857813
  },
  "NRC": {
    "mean": 8143.752722117202,
    "std": 19.07617597595311
  },
  "BPR": {
    "mean": 8.44214558189133,
    "std": 0.03750503795196652
  },
  "HT_BLEED": {
    "mean": 393.2106538703892,
    "std": 1.5487630246142987
  },
  "W31": {
    "mean": 38.816270660656286,
    "std": 0.18074642787366085
  },
  "W32": {
    "mean": 23.289705360864716,
    "std": 0.10825087474491234
  }
}