{
    "model": "LSTM_small",
    "data_version": "full",
    "early_stopping": "no",
    "architecture": {
        "num_layers": 2,
        "hidden_size": 64,
        "dropout": 0.1
    },
    "training_config": {
        "sequence_length": 30,
        "batch_size": 64,
        "epochs": 2000,
        "initial_learning_rate": 0.0005,
        "warmup_epochs": 50,
        "min_learning_rate": 1e-07
    },
    "results": {
        "best_epoch": 20,
        "training_time": 1941.4073264598846,
        "n_parameters": 56641,
        "train_rmse": 80.39238791798792,
        "val_rmse": 26.411551797639135,
        "test_rmse": 22.43948091991163,
        "train_mae": 64.369140625,
        "val_mae": 18.55373191833496,
        "test_mae": 16.240015029907227,
        "train_r2": -0.6400998830795288,
        "val_r2": 0.7943869829177856,
        "test_r2": 0.7084143757820129
    }
}