{
    "model": "LSTM_small",
    "data_version": "reduced",
    "early_stopping": "yes",
    "architecture": {
        "num_layers": 2,
        "hidden_size": 64,
        "dropout": 0.1
    },
    "training_config": {
        "sequence_length": 50,
        "batch_size": 64,
        "epochs": 2000,
        "initial_learning_rate": 0.0005,
        "warmup_epochs": 50,
        "min_learning_rate": 1e-07
    },
    "results": {
        "best_epoch": 27,
        "training_time": 50.449182987213135,
        "n_parameters": 55617,
        "train_rmse": 75.90302715471894,
        "val_rmse": 22.18890084156132,
        "test_rmse": 22.819074127645248,
        "train_mae": 60.276432037353516,
        "val_mae": 15.357661247253418,
        "test_mae": 16.671117782592773,
        "train_r2": -0.6951087713241577,
        "val_r2": 0.8266245126724243,
        "test_r2": 0.6984658241271973
    }
}