{
    "model": "LSTM_large",
    "data_version": "full",
    "early_stopping": "no",
    "architecture": {
        "num_layers": 4,
        "hidden_size": 256,
        "dropout": 0.3
    },
    "training_config": {
        "sequence_length": 50,
        "batch_size": 64,
        "epochs": 2000,
        "initial_learning_rate": 0.0005,
        "warmup_epochs": 50,
        "min_learning_rate": 1e-07
    },
    "results": {
        "best_epoch": 19,
        "training_time": 5149.053438425064,
        "n_parameters": 1901825,
        "train_rmse": 76.41383845241155,
        "val_rmse": 20.451580644999208,
        "test_rmse": 25.86634984297589,
        "train_mae": 60.47468185424805,
        "val_mae": 14.243244171142578,
        "test_mae": 15.943229675292969,
        "train_r2": -0.7180010080337524,
        "val_r2": 0.8527111411094666,
        "test_r2": 0.6125543713569641
    }
}