{
    "model": "LSTM_large",
    "data_version": "reduced",
    "early_stopping": "no",
    "architecture": {
        "num_layers": 4,
        "hidden_size": 256,
        "dropout": 0.3
    },
    "training_config": {
        "sequence_length": 30,
        "batch_size": 64,
        "epochs": 2000,
        "initial_learning_rate": 0.0005,
        "warmup_epochs": 50,
        "min_learning_rate": 1e-07
    },
    "results": {
        "best_epoch": 17,
        "training_time": 4582.913305282593,
        "n_parameters": 1897729,
        "train_rmse": 81.67060304873321,
        "val_rmse": 24.814501011489607,
        "test_rmse": 27.283782456914768,
        "train_mae": 65.4938735961914,
        "val_mae": 18.124475479125977,
        "test_mae": 19.81916618347168,
        "train_r2": -0.6926686763763428,
        "val_r2": 0.8185011148452759,
        "test_r2": 0.5689281821250916
    }
}