{
    "model": "LSTM_small",
    "data_version": "full",
    "early_stopping": "yes",
    "architecture": {
        "num_layers": 2,
        "hidden_size": 64,
        "dropout": 0.1
    },
    "training_config": {
        "sequence_length": 50,
        "batch_size": 64,
        "epochs": 2000,
        "initial_learning_rate": 0.0005,
        "warmup_epochs": 50,
        "min_learning_rate": 1e-07
    },
    "results": {
        "best_epoch": 26,
        "training_time": 50.72284460067749,
        "n_parameters": 56641,
        "train_rmse": 76.52429212450286,
        "val_rmse": 22.272434539852874,
        "test_rmse": 24.06938821862222,
        "train_mae": 60.93483352661133,
        "val_mae": 15.210476875305176,
        "test_mae": 17.688213348388672,
        "train_r2": -0.7229712009429932,
        "val_r2": 0.8253166675567627,
        "test_r2": 0.6645169258117676
    }
}