{
    "model": "LSTM_small",
    "data_version": "reduced",
    "early_stopping": "no",
    "architecture": {
        "num_layers": 2,
        "hidden_size": 64,
        "dropout": 0.1
    },
    "training_config": {
        "sequence_length": 30,
        "batch_size": 64,
        "epochs": 2000,
        "initial_learning_rate": 0.0005,
        "warmup_epochs": 50,
        "min_learning_rate": 1e-07
    },
    "results": {
        "best_epoch": 25,
        "training_time": 1939.7770686149597,
        "n_parameters": 55617,
        "train_rmse": 81.66454643559376,
        "val_rmse": 26.879620106146984,
        "test_rmse": 26.62109002430275,
        "train_mae": 65.64830780029297,
        "val_mae": 19.49956703186035,
        "test_mae": 18.163606643676758,
        "train_r2": -0.6924176216125488,
        "val_r2": 0.7870346307754517,
        "test_r2": 0.5896143913269043
    }
}