{
    "model": "LSTM_large",
    "data_version": "full",
    "early_stopping": "yes",
    "architecture": {
        "num_layers": 4,
        "hidden_size": 256,
        "dropout": 0.3
    },
    "training_config": {
        "sequence_length": 30,
        "batch_size": 64,
        "epochs": 2000,
        "initial_learning_rate": 0.0005,
        "warmup_epochs": 50,
        "min_learning_rate": 1e-07
    },
    "results": {
        "best_epoch": 17,
        "training_time": 106.53450512886047,
        "n_parameters": 1901825,
        "train_rmse": 81.71890535358082,
        "val_rmse": 25.146089271774695,
        "test_rmse": 23.17953082816955,
        "train_mae": 65.54573822021484,
        "val_mae": 17.79189682006836,
        "test_mae": 16.532291412353516,
        "train_r2": -0.6946713924407959,
        "val_r2": 0.8136181235313416,
        "test_r2": 0.6888643503189087
    }
}