{
    "model": "LSTM_large",
    "data_version": "reduced",
    "early_stopping": "yes",
    "architecture": {
        "num_layers": 4,
        "hidden_size": 256,
        "dropout": 0.3
    },
    "training_config": {
        "sequence_length": 50,
        "batch_size": 64,
        "epochs": 2000,
        "initial_learning_rate": 0.0005,
        "warmup_epochs": 50,
        "min_learning_rate": 1e-07
    },
    "results": {
        "best_epoch": 20,
        "training_time": 131.02248096466064,
        "n_parameters": 1897729,
        "train_rmse": 76.5724865935866,
        "val_rmse": 21.660544758125315,
        "test_rmse": 30.35169723264819,
        "train_mae": 60.33244323730469,
        "val_mae": 15.335002899169922,
        "test_mae": 20.139366149902344,
        "train_r2": -0.7251421213150024,
        "val_r2": 0.8347829580307007,
        "test_r2": 0.4665343761444092
    }
}