{
    "model": "LSTM_small",
    "data_version": "full",
    "early_stopping": "no",
    "architecture": {
        "num_layers": 2,
        "hidden_size": 64,
        "dropout": 0.1
    },
    "training_config": {
        "sequence_length": 50,
        "batch_size": 64,
        "epochs": 2000,
        "initial_learning_rate": 0.0005,
        "warmup_epochs": 50,
        "min_learning_rate": 1e-07
    },
    "results": {
        "best_epoch": 26,
        "training_time": 1700.1499474048615,
        "n_parameters": 56641,
        "train_rmse": 77.49015499464271,
        "val_rmse": 22.272434539852874,
        "test_rmse": 24.06938821862222,
        "train_mae": 61.650047302246094,
        "val_mae": 15.210476875305176,
        "test_mae": 17.688213348388672,
        "train_r2": -0.7667392492294312,
        "val_r2": 0.8253166675567627,
        "test_r2": 0.6645169258117676
    }
}