{
    "model": "Transformer_small",
    "data_version": "full",
    "early_stopping": "yes",
    "architecture": {
        "num_layers": 2,
        "d_model": 64,
        "nhead": 4,
        "dim_feedforward": 256,
        "dropout": 0.1
    },
    "training_config": {
        "sequence_length": 50,
        "batch_size": 64,
        "epochs": 2000,
        "initial_learning_rate": 0.0002,
        "warmup_epochs": 100,
        "min_learning_rate": 1e-07
    },
    "results": {
        "best_epoch": 37,
        "training_time": 109.06446075439453,
        "n_parameters": 103233,
        "train_rmse": 77.79853978686714,
        "val_rmse": 20.103910970956,
        "test_rmse": 24.387991079355405,
        "train_mae": 62.282676696777344,
        "val_mae": 14.18069839477539,
        "test_mae": 17.517290115356445,
        "train_r2": -0.7808293104171753,
        "val_r2": 0.8576763272285461,
        "test_r2": 0.6555767059326172
    }
}