{
    "model": "Transformer_large",
    "data_version": "full",
    "early_stopping": "no",
    "architecture": {
        "num_layers": 6,
        "d_model": 256,
        "nhead": 16,
        "dim_feedforward": 1024,
        "dropout": 0.2
    },
    "training_config": {
        "sequence_length": 30,
        "batch_size": 64,
        "epochs": 2000,
        "initial_learning_rate": 0.0002,
        "warmup_epochs": 100,
        "min_learning_rate": 1e-07
    },
    "results": {
        "best_epoch": 16,
        "training_time": 8596.172894477844,
        "n_parameters": 4784385,
        "train_rmse": 85.2190737296748,
        "val_rmse": 25.620500271846517,
        "test_rmse": 28.68967431166438,
        "train_mae": 68.72603607177734,
        "val_mae": 18.456750869750977,
        "test_mae": 20.491924285888672,
        "train_r2": -0.8429521322250366,
        "val_r2": 0.8065191507339478,
        "test_r2": 0.5233586430549622
    }
}