{
    "model": "Transformer_large",
    "data_version": "reduced",
    "early_stopping": "no",
    "architecture": {
        "num_layers": 6,
        "d_model": 256,
        "nhead": 16,
        "dim_feedforward": 1024,
        "dropout": 0.2
    },
    "training_config": {
        "sequence_length": 50,
        "batch_size": 64,
        "epochs": 2000,
        "initial_learning_rate": 0.0002,
        "warmup_epochs": 100,
        "min_learning_rate": 1e-07
    },
    "results": {
        "best_epoch": 128,
        "training_time": 7446.6301646232605,
        "n_parameters": 4783361,
        "train_rmse": 84.85074499249403,
        "val_rmse": 21.9500136807688,
        "test_rmse": 23.62102236893878,
        "train_mae": 66.7965316772461,
        "val_mae": 15.141992568969727,
        "test_mae": 17.163917541503906,
        "train_r2": -1.1183156967163086,
        "val_r2": 0.8303375244140625,
        "test_r2": 0.6768993139266968
    }
}