{
    "model": "Transformer_large",
    "data_version": "reduced",
    "early_stopping": "no",
    "architecture": {
        "num_layers": 6,
        "d_model": 256,
        "nhead": 16,
        "dim_feedforward": 1024,
        "dropout": 0.2
    },
    "training_config": {
        "sequence_length": 30,
        "batch_size": 64,
        "epochs": 2000,
        "initial_learning_rate": 0.0002,
        "warmup_epochs": 100,
        "min_learning_rate": 1e-07
    },
    "results": {
        "best_epoch": 9,
        "training_time": 8352.428673028946,
        "n_parameters": 4783361,
        "train_rmse": 82.50234667590523,
        "val_rmse": 27.135503888615418,
        "test_rmse": 28.290033382262582,
        "train_mae": 66.86223602294922,
        "val_mae": 19.6092586517334,
        "test_mae": 20.609281539916992,
        "train_r2": -0.7273209095001221,
        "val_r2": 0.7829605937004089,
        "test_r2": 0.5365451574325562
    }
}