{
    "model": "Transformer_small",
    "data_version": "reduced",
    "early_stopping": "no",
    "architecture": {
        "num_layers": 2,
        "d_model": 64,
        "nhead": 4,
        "dim_feedforward": 256,
        "dropout": 0.1
    },
    "training_config": {
        "sequence_length": 30,
        "batch_size": 64,
        "epochs": 2000,
        "initial_learning_rate": 0.0002,
        "warmup_epochs": 100,
        "min_learning_rate": 1e-07
    },
    "results": {
        "best_epoch": 42,
        "training_time": 3593.926267147064,
        "n_parameters": 102977,
        "train_rmse": 82.66848621621936,
        "val_rmse": 26.412991465641724,
        "test_rmse": 28.089308950982577,
        "train_mae": 66.87117004394531,
        "val_mae": 19.033170700073242,
        "test_mae": 20.78860092163086,
        "train_r2": -0.7342847585678101,
        "val_r2": 0.7943645715713501,
        "test_r2": 0.5430984497070312
    }
}