{
    "model": "Transformer_small",
    "data_version": "full",
    "early_stopping": "no",
    "architecture": {
        "num_layers": 2,
        "d_model": 64,
        "nhead": 4,
        "dim_feedforward": 256,
        "dropout": 0.1
    },
    "training_config": {
        "sequence_length": 30,
        "batch_size": 64,
        "epochs": 2000,
        "initial_learning_rate": 0.0002,
        "warmup_epochs": 100,
        "min_learning_rate": 1e-07
    },
    "results": {
        "best_epoch": 37,
        "training_time": 3607.457100391388,
        "n_parameters": 103233,
        "train_rmse": 84.19152215243379,
        "val_rmse": 24.82754360356092,
        "test_rmse": 26.210164388747284,
        "train_mae": 68.0608901977539,
        "val_mae": 17.775888442993164,
        "test_mae": 18.758447647094727,
        "train_r2": -0.7987762689590454,
        "val_r2": 0.8183102607727051,
        "test_r2": 0.6021860837936401
    }
}