{
    "model": "Transformer_large",
    "data_version": "reduced",
    "early_stopping": "yes",
    "architecture": {
        "num_layers": 6,
        "d_model": 256,
        "nhead": 16,
        "dim_feedforward": 1024,
        "dropout": 0.2
    },
    "training_config": {
        "sequence_length": 50,
        "batch_size": 64,
        "epochs": 2000,
        "initial_learning_rate": 0.0002,
        "warmup_epochs": 100,
        "min_learning_rate": 1e-07
    },
    "results": {
        "best_epoch": 22,
        "training_time": 189.81540989875793,
        "n_parameters": 4783361,
        "train_rmse": 80.78179702426004,
        "val_rmse": 22.30428250507974,
        "test_rmse": 32.02656025119522,
        "train_mae": 64.41390991210938,
        "val_mae": 15.79586410522461,
        "test_mae": 21.272066116333008,
        "train_r2": -0.9200229644775391,
        "val_r2": 0.8248167037963867,
        "test_r2": 0.4060347080230713
    }
}