{
    "model": "Transformer_large",
    "data_version": "full",
    "early_stopping": "yes",
    "architecture": {
        "num_layers": 6,
        "d_model": 256,
        "nhead": 16,
        "dim_feedforward": 1024,
        "dropout": 0.2
    },
    "training_config": {
        "sequence_length": 50,
        "batch_size": 64,
        "epochs": 2000,
        "initial_learning_rate": 0.0002,
        "warmup_epochs": 100,
        "min_learning_rate": 1e-07
    },
    "results": {
        "best_epoch": 9,
        "training_time": 145.8251988887787,
        "n_parameters": 4784385,
        "train_rmse": 76.12882918325029,
        "val_rmse": 21.12564212342321,
        "test_rmse": 21.83450772376292,
        "train_mae": 61.46556854248047,
        "val_mae": 15.036177635192871,
        "test_mae": 15.900341033935547,
        "train_r2": -0.7052092552185059,
        "val_r2": 0.8428422212600708,
        "test_r2": 0.7239248752593994
    }
}