{
    "model": "Transformer_small",
    "data_version": "reduced",
    "early_stopping": "yes",
    "architecture": {
        "num_layers": 2,
        "d_model": 64,
        "nhead": 4,
        "dim_feedforward": 256,
        "dropout": 0.1
    },
    "training_config": {
        "sequence_length": 50,
        "batch_size": 64,
        "epochs": 2000,
        "initial_learning_rate": 0.0002,
        "warmup_epochs": 100,
        "min_learning_rate": 1e-07
    },
    "results": {
        "best_epoch": 39,
        "training_time": 113.44084978103638,
        "n_parameters": 102977,
        "train_rmse": 76.88734974481335,
        "val_rmse": 22.2702996737492,
        "test_rmse": 21.44642600137426,
        "train_mae": 62.1458740234375,
        "val_mae": 15.410141944885254,
        "test_mae": 15.334885597229004,
        "train_r2": -0.7393587827682495,
        "val_r2": 0.8253501653671265,
        "test_r2": 0.7336514592170715
    }
}