{
    "model": "Transformer_small",
    "data_version": "full",
    "early_stopping": "yes",
    "architecture": {
        "num_layers": 2,
        "d_model": 64,
        "nhead": 4,
        "dim_feedforward": 256,
        "dropout": 0.1
    },
    "training_config": {
        "sequence_length": 30,
        "batch_size": 64,
        "epochs": 2000,
        "initial_learning_rate": 0.0002,
        "warmup_epochs": 100,
        "min_learning_rate": 1e-07
    },
    "results": {
        "best_epoch": 37,
        "training_time": 122.07033848762512,
        "n_parameters": 103233,
        "train_rmse": 83.40054190846124,
        "val_rmse": 24.82754360356092,
        "test_rmse": 26.210164388747284,
        "train_mae": 67.36772918701172,
        "val_mae": 17.775888442993164,
        "test_mae": 18.758447647094727,
        "train_r2": -0.7651360034942627,
        "val_r2": 0.8183102607727051,
        "test_r2": 0.6021860837936401
    }
}