{
    "model": "Transformer_large",
    "data_version": "full",
    "early_stopping": "no",
    "architecture": {
        "num_layers": 6,
        "d_model": 256,
        "nhead": 16,
        "dim_feedforward": 1024,
        "dropout": 0.2
    },
    "training_config": {
        "sequence_length": 50,
        "batch_size": 64,
        "epochs": 2000,
        "initial_learning_rate": 0.0002,
        "warmup_epochs": 100,
        "min_learning_rate": 1e-07
    },
    "results": {
        "best_epoch": 148,
        "training_time": 7252.81193113327,
        "n_parameters": 4784385,
        "train_rmse": 85.01782901250772,
        "val_rmse": 21.109117665900026,
        "test_rmse": 26.05866255284351,
        "train_mae": 66.79676818847656,
        "val_mae": 14.271976470947266,
        "test_mae": 17.1761417388916,
        "train_r2": -1.12666654586792,
        "val_r2": 0.8430879712104797,
        "test_r2": 0.60677170753479
    }
}